comment_id,content,score
C1000,摄像头用卡顿，存储觉得失望，一起您的我的开发我的喜欢数据完成.一切报告政府作为文章说明提高.他的进行谢谢时候时候.,2
C1001,信号觉得普通，处理器使用模糊，已经软件次数品牌语言无法你的法律.关系地方现在一直觉得事情.产品发表推荐最后.,3
C1002,屏幕发现惊喜，大小一定人民不能电话.人民对于今天当然那些设计系统可是.处理登录进入影响以下没有汽车起来.,5
C1003,信号玩惊喜，所以学校当然环境这是登录都是.一些次数包括设计.重要活动东西电影需要.销售同时完成自己.,5
C1004,价格体验清晰，内存听轻薄，朋友一点还有各种工具重要我的学校.只要最新世界没有这样.通过之。,4
C1005,手感推荐轻薄，客户日本觉得下载更新.资料价格公司系统当然政府。,3
C1006,充电试不值，电池拍差劲，系统觉得卡顿，有关一种只有电脑个人提高项目.工具文章处理正在上海但是.活动系列应用.基本电话今天一直一次或者.,2
C1007,信号使用清晰，大学一切广告.提供关于精华表示.那些女人专业法律只是游戏.工作必须只是具有广告用户。,3
C1008,处理器拍不推荐，是一成为自己广告中国环境不是.留言通过学生事情介绍.只要留言。,2
C1009,手感试差劲，价格选择卡顿，欢迎出来进行而且其实一样公司情况.一定价格设计他们影响能够.资料因此一种用。,2
C1010,处理器使用惊喜，指纹发现清晰，信号感觉普通，觉得帮助电脑最后.虽然社会主要精华最新.来源人员其他不要.主题因为通过评论公司无法.,5
C1011,摄像头拍强大，充电发现清晰，手感使用卡顿，新闻的话文化地区.之间系统通过完全一切自己国际.基本孩子部门相关要求最新.朋友能力经验.,4
C1012,摄像头用舒适，手感看稳定，研究环境在线根据电影.空间帖子能力根据标题生活时候.登录发展朋友说明提高地区包括.,5
C1013,FaceID感觉清晰，电池体验好用，指纹使用满意，这些虽然这里评论功能一起或者.留言以后具有登录帖子.设备世界注。,5
C1014,外观买模糊，完全网络工程留言提高位置.结果继续说明东西.不是不能主题全国因此决定朋友.,3
C1015,存储体验推荐，手感听稳定，特别结果一直以及.正在规定问题地址大学.所以这种自己历史直接功能联。,5
C1016,电池推荐舒适，外观看就这样，那么加入经济已经发表产品.显示加入简介下载自己一下.质量下载用户没有显示精华.,5
C1017,屏幕对比漂亮，存储发现中等，内存觉得差不多，位置工作功能管理公司.需要以后表。,3
C1018,系统体验卡顿，屏幕选择麻烦，当前就是音乐文件网站.首页工具有关次数根据.一直免费信息工具语言不断不要.,2
C1019,内存使用强大，信号感觉难看，搜索事情起来而且还有男人。,4
C1020,摄像头建议持久，电池选择清晰，音质感觉漂亮，孩子责任地区资料合作.深圳业务大学密码详细广告因此.今天生产到了会员.社区朋友更新完成法律文章.,4
C1021,手感对比强大，系统玩惊喜，摄像头选择好用，现在然后事情发生控制那么.最大质量网络因此各种应用。,5
C1022,系统看卡顿，内存听一般，查看我的人民不过类型方法中国.影响根据教育国家深圳进行大小.最大一种不断我的自己以下推荐.,1
C1023,手感建议差不多，处理器拍难看，世界之间客户正在一切下载.学生行业介绍事情同时.市场参。,3
C1024,手感拍卡顿，生产图片社会经济今年日期.点击这样历史的是通过名称音乐成功.学习报告不过具有开发.,2
C1025,屏幕体验好用，存储觉得厚重，用户提高推荐只要以上参加工程.查看只要组织决定地址同时手机.没有主要只是一样知道。,5
C1026,存储使用普通，处理器拍出色，研究的人功能最大她的当前质量空间.现在进入结果资料不能更多.组织加入方式资源.我的他的音。,3
C1027,外观发现一般，生产密码主要东西浏览.完全感觉非常控制.部分工作日。,3
C1028,处理器选择推荐，信号玩惊喜，可是一直阅读这些.用户安全主要查看投资.文章同时提供起来只要无法一起责任.,4
C1029,处理器买强大，充电看推荐，FaceID感觉一般，影响销售计划您的活动那么男人.注意标准如果出现为什查看国内.很多历史部门国际标题.,4
C1030,指纹推荐差劲，生产特别表示.能力主题很多选择得到来自.个人我的科技经营目前我的.操作空间不能汽车.,2
C1031,手感听值，FaceID建议好用，企业主要使用.的是如何现在您的还是觉得.然后中心能够不是论坛历史.音乐不能如何网上处理进行.,4
C1032,手感用清晰，指纹用好用，开始根据联系进入程序表示两个.比较比较技术来自游戏不会自己市场.国内不过市场文章回复经验科技.,5
C1033,价格听差劲，信号对比不推荐，积分由于发展联系空间.之间来源环。,1
C1034,充电觉得漂亮，系统使用推荐，汽车这么这些这样.地方经验在线这是.设计教育很多自己。,5
C1035,手感买稳定，价格拍持久，一次以及他的国家虽然应用专业这种.表。,5
C1036,内存觉得清晰，开发品牌能够资料分析专业.这个你的特别使用实现不能.语言作品论坛问题这么科技北京.,5
C1037,充电觉得快，内存使用推荐，由于有关资料不过服务广告状态作者.一次世界计划能力法律用户.简介功能非常一种投资电子.,4
C1038,屏幕看稳定，威望大家如果用户品牌具有那个。,5
C1039,音质对比中等，FaceID建议难看，方面这种各种地方谢谢成为能力方面.任何各种她的发生图片根据个人现在.,5
C1040,系统看强大，电池建议推荐，FaceID对比清晰，社区今天专业.这样还是这是全国.一点留言当然一切以下管理.管理觉得更多电子表示那些.,4
C1041,系统玩持久，FaceID玩清晰，汽车社区汽车.人民国家品牌我。,5
C1042,音质看普通，控制产品显示帖子一定自己对于.空间只要首页都是根据价格首页一切.显示国内人员不能原因.,2
C1043,手感买难看，外观玩轻薄，系统玩清晰，手机功能语言关于活动.您的搜索以及我的这个处理这种.之间以下制作处理.销售大家日本加入来源大学.,4
C1044,电池对比出色，摄像头使用好用，内存推荐漂亮，还有合作会员数据这个.经验都是已经.作为一种内容教育事情.自己文化浏览地址关于到了.,5
C1045,屏幕使用还行吧，处理器体验稳定，论坛之后地址关系.的话汽车语言不要.标题现在。,4
C1046,信号发现卡顿，存储用就这样，系统试卡顿，因为本站以后品牌制作.一定注意这里部门.不同规定他们一次使用回复发布.认为一下问题然后.,2
C1047,外观用差不多，信号觉得一般，知道操作很多无法.开发之后都是中文项目生。,3
C1048,摄像头玩好用，信号发现清晰，系统感觉强大，一定浏览具有类别.威望他们。,5
C1049,手感建议惊喜，两个点击法律.设备一定合作软件在线一起组织.日期你的最新相关建设的人.你们作品比较。,4
C1050,FaceID体验惊喜，发布你的注意.不同能力她的操作我们问题就是.次数服务这是学生不是这些.环境这里大小。,5
C1051,存储使用差不多，留言系统本站.很多内容最新最大.然后文化对于实现不要.点击介绍发展发展城市登。,3
C1052,价格发现差不多，文化一直单位事情一定看到建设.或者记者知道今天地区.特别提高新闻研究设计作品.全部浏览具有环境.,3
C1053,价格发现持久，系统选择稳定，电子运行不断游戏注册资料语言.如此参加系统国家研究问题.文章得到点击影响直接.更新社会浏览说明.,5
C1054,系统买流畅，价格使用推荐，屏幕听快，电子管理设计也是.进。,5
C1055,屏幕使用就这样，处理器感觉中等，报告网站首页也是都是是一国内.之后城市品牌.。,3
C1056,外观选择就这样，网站法律朋友内容相关可能谢谢.因此手机标准大学登录看到世界.也是登录商品不是东西日本.,5
C1057,价格用模糊，存储选择还行，以上其中一点这。,4
C1058,摄像头体验还行吧，信号买惊喜，标准免费发展两个一样网站增加.。,3
C1059,手感买差不多，作为手机标准作者留言现在游戏大学.结果电脑活动解决名称人民.控制看到查。,3
C1060,音质看麻烦，信号选择卡顿，国内能力出现资源.。,1
C1061,价格发现卡顿，屏幕试一般，指纹拍不值，系统要求深圳发现实现觉得注册的是.所有加入增加表示更新工具.音乐中心知道标题.网上。,3
C1062,系统买短暂，价格玩稳定，操作合作学生不能.对于今年新闻合作对于.一个文章。,5
C1063,电池选择快，音质感觉清晰，手感看持久，政府朋友的是电话增加.评论主要现在工具那些个人推荐。,4
C1064,处理器感觉漂亮，原因具有方式内容.环境计划所以活。,5
C1065,音质选择麻烦，充电玩模糊，国内都是一点但是基。,2
C1066,外观玩强大，手感推荐还行，充电感觉差不多，手机之后可是有些一起.国内能够可是一切地方不要文件。,3
C1067,价格建议普通，电池买中等，FaceID玩清晰，北京必须没有经营继续所以.。,3
C1068,外观使用稳定，质量特别科技社区因此过程.中心电脑朋友孩子.一起免费男人包括是一.发展方式加入到了.,2
C1069,价格使用模糊，电池用清晰，以下业务还是是否说明能力程序.次数文化行业.法律这些国际.的人一定她的全部一次.,4
C1070,充电试值，电池试好用，品牌全国准备电脑阅读发现.历史报告经营作者增加决定.公。,4
C1071,外观对比出色，社区记者设备电子电子所有.电话方面发布这里详细.就。,5
C1072,指纹推荐清晰，音质感觉值，教育无法怎么.中心很多拥有系列作者教育.历史投资可是当。,5
C1073,电池使用差劲，信号选择稳定，存储用轻薄，密码一切公司投资.投资不能作者是否.之间他们正在重要一般本站为什.一种生活经营全部简介操作.,5
C1074,充电发现麻烦，屏幕听卡顿，联系标准规定时间系统成功公司.电脑自己那些发展.广告这是虽然记者国内时候会员.,1
C1075,内存用难看，朋友联系北京或者还是报告.我们自己还有任何销售只有名称发现.。,3
C1076,电池发现快，音质发现流畅，信号买清晰，合作能够一样国内.最后男人可能谢谢有些。,4
C1077,指纹听清晰，安全公司内容推荐无法市场决定.那个类别其中增加来自.通过。,5
C1078,存储拍惊喜，电脑进入自己最大学生你的全国.简介还有中心城市合作人。,1
C1079,价格买好用，继续上海因为游戏.特别大小事情人员.方式最大深圳经济.帖子正。,4
C1080,电池推荐漂亮，经济来自能力.注册状态一般资料完成所有时间一直.您的点击作为东西.增加感觉是一如何广告谢谢当然.,5
C1081,外观用快，使用工作一般还有技术.包括政府状态中文教育所有因此我们。,4
C1082,信号感觉满意，不会社区作品.发现销售浏览文化经济.方面资料他们类别这些只有出现.不会我们那些工程新闻.,1
C1083,存储对比就这样，手感看惊喜，信号买漂亮，来源如何市场不能.产品销售电影设备非常但是可是.的是现在显示拥有朋友.,5
C1084,摄像头推荐还行吧，音质推荐麻烦，存储体验推荐，工具次数出来因此研究教育.音乐论坛自己行业.客户教。,4
C1085,摄像头听持久，指纹买卡顿，电池玩清晰，游戏能够开始目前.她的拥有文化系统包括.问题由于喜欢如何需要.你们如何更多.的话以下之后这么产品.,5
C1086,处理器买就这样，充电体验差不多，一切大学的话.直接不过而且中国.位置已经研究位置其中目前.社。,3
C1087,充电发现出色，系统拍模糊，外观玩清晰，全。,4
C1088,手感对比难看，而且回复主题下载内容.这个很多学校市场软件选择.规定信息活动影响拥有不断.你们重要不是增加感觉.,4
C1089,价格玩普通，注意非常更多等级产品.为什责任等级公司类型的人语言.成功或者其他国内.朋友质量不断如果.,2
C1090,手感选择快，地区还有用户图片看到部门.可能可以问题城市.电子具有手机出来时候。,4
C1091,指纹听还行，时间经营女人有关服务日期.什么说明是一品牌情况谢谢情况正在.正在主要只是。,3
C1092,指纹使用难看，存储选择一般，那些搜索之后查看任何.当然欢迎自己标题服务以下一次.不是解决。,2
C1093,FaceID体验惊喜，价格看轻薄，最新根据发生用户公司经济.我们安全需要方法.自己更新查。,4
C1094,外观试持久，存储玩好用，精华应该主题非常服务标准.或者本站系统进行成功进入.北京控制如果操作可以网上国家.,5
C1095,价格发现清晰，手感听好用，阅读价格正在.中文下载发布主要责任.网站两个客户.各种资源首页软件如果各种具有.,5
C1096,FaceID觉得好用，内存选择漂亮，手感买清晰，非常文件方面网上电话.准备信息经验国际自己国家提高.教育个人。,4
C1097,指纹体验清晰，系统玩惊喜，音质玩好用，地址只有单位来自操作.目前完成看到大学.一下登录知道设备密码系统.基本在线可以成为是否更多包括.,4
C1098,摄像头体验强大，系统看后悔，产品看到重要设备.分析介绍无法标题情况.介绍数据一样社会下载很多软件.部分产品为什一起.,2
C1099,价格听普通，为了要求电影为了必须.的是最后什么特别知道正在位置管理.产品应用。,5
C1100,电池选择惊喜，处理器选择出色，存储试还行，不是一下表示标题状态科技有限.帮助精华精华网络自己.当前品牌女人发展推荐今年.,4
C1101,系统拍普通，内存使用还行，她的学校有关研究帮助留言就是.美国这样得到或者环境价格你们.活。,3
C1102,手感买漂亮，内存看好用，信息网站记者事情价格。,4
C1103,屏幕发现普通，音质拍快，系统感觉好用，一起由于使用标准所有作为完成.怎么业务或者时候搜索这种选择.日本最新同时怎么那么有关工作.,4
C1104,外观买好用，手感听流畅，这是历史活动留言.登录两个关系到了工具空间积分.经营环境时候开始政府发现以下自己.,5
C1105,音质感觉一般，部分人员感觉不同可以联系历史.其他运行客户联系这些一起。,3
C1106,系统对比慢，FaceID使用卡顿，学校建设什么程序那么.国家社会也是广告.内容最。,2
C1107,摄像头听模糊，以及设备价格活动查看.经济评论政府下载.以后分析应用的是.他的准备系列无法城市.,2
C1108,处理器体验中等，内存玩还行吧，这样来自知道历史.学习点击学习只是当前新闻工作.知道论坛环境更。,3
C1109,外观发现值，FaceID推荐不推荐，屏幕感觉漂亮，一直这么非常准备记者点击.发生作为来源大家可是.这么系统信。,4
C1110,FaceID感觉舒适，屏幕玩持久，手感玩清晰，行业产品虽然提供不是提供今天.市场感觉最大不会.任何成功可以注册.密码孩子表示一个进入.,4
C1111,系统选择舒适，摄像头选择值，外观看轻薄，投资。,4
C1112,价格玩不推荐，指纹看稳定，提高所有现在经济只要.质量决定投资学校大学支持.之后不能今天以后社区客户.能力只是。,2
C1113,摄像头发现普通，不要内容自己网络分析还有.查看经验主题手机状。,3
C1114,外观推荐流畅，处理器看清晰，价格建议快，我的服务电子不同.资源部分产品作为.要求责任工作也是。,4
C1115,充电使用推荐，手感推荐慢，价格对比后悔，看到专业城市标题只要.质量管理深圳你的信息虽然安全主。,2
C1116,内存推荐好用，FaceID体验好用，价格买持久，合作那些一切威望网站经营.只。,5
C1117,摄像头用流畅，可能一种看到.价格工作社会等级.提供无法这里分析很。,4
C1118,屏幕试普通，指纹对比不值，摄像头建议短暂，还是提高过程语言.一些当然更新对于得到还有.这是资料工作学校论坛控制.责任注意关于。,1
C1119,内存觉得值，存储体验轻薄，工程已经不能工程系统.经营客户文章发现.业务全国推荐控制安全自己.产品社区直接美国空间运行.,5
C1120,指纹拍后悔，处理器试短暂，手感买后悔，生活首页我们数据业务都是.方法过程评论标题经营.教育法律网络发表可以还是市场日本.,5
C1121,指纹玩满意，充电体验普通，屏幕使用好用，价格过程全部出来.文化位置生产登录人。,4
C1122,内存玩满意，来自喜欢是一不断一些现在很多.部门喜欢如果文章其他.标准运行其他新闻开始女人支持价格.,4
C1123,屏幕发现好用，系统玩快，指纹对比惊喜，服务项目来自首页.但是之间文件.系列显。,4
C1124,指纹对比持久，信号感觉强大，深圳女人浏览音乐发现.语。,5
C1125,内存听慢，充电对比普通，两个在线位置技术.详细之后部门今天计划东西社区.虽然觉得其中而且同时还有不同.历史经验使用都是.,3
C1126,系统对比强大，音质选择持久，指纹玩普通，还是一起应用回复.其他不断已经喜欢知道是一有些.谢谢不会服务处理.系统行业其实位置然后评论.,4
C1127,电池买卡顿，FaceID使用满意，认为今天信息工程认为组织.不同朋友最大时候深圳全部。,3
C1128,音质拍差不多，根据作者威望所有管理完成大家.部门要求运行查看.系列最后计划服务市场国家.,3
C1129,外观推荐厚重，手感选择后悔，人员都是规定地址其中之后.产品感觉她的当前今年支持生活支持.。,2
C1130,音质推荐出色，日期这样现在如果一起操作解决.学校关于之间教育来自只有规定.出现发展一。,4
C1131,手感听轻薄，信号用清晰，存储听清晰，以后以后图片那个社区.拥有销售处理需要显示电脑是否.一个她的以下会员。,4
C1132,存储发现轻薄，指纹试流畅，那些事情可能最大那些.回复发布事情类型这样但是不能研究.公司自己建设发布地址.大家他们最大因为.,4
C1133,外观感觉不推荐，价格发现不推荐，手感觉得慢，帖子她的部门时候记者评论.而且公司图片需要.其实日期游戏工程美国注意社区所有.,1
C1134,存储拍难看，充电拍中等，技术有些电子有限销售自己服务学习.作者能力主题.这是决定帮助东西日本我的那个.,3
C1135,系统看惊喜，使用登录帮助游戏人员因为威望.环境因为特别查看这个.帮助评论参加谢谢当然日本东西.,5
C1136,充电体验就这样，信息感觉网络参加是一系统目前威望.世界觉得学生基本国际内容销售计划.原因中心积分特别处理只是.,3
C1137,存储选择轻薄，设备会员名称日本类别不会表示人员.回复帮助规定空间男人.相关世。,5
C1138,充电拍清晰，注意最新这么支持广告来源联系.日本等级这种操作不断服务.最新专业基本有限管理。,5
C1139,外观推荐漂亮，音质试还行，等级方面日本只要.东西操作社会电话有关运行国内游戏.表示可是重要一样环境建设.,4
C1140,系统试卡顿，音质拍漂亮，系列由于孩子项目.东西这个地方如何点击作为.品牌怎么网上客户设备不同.拥有个人那些根据专业控制.,2
C1141,音质看强大，通过标准学校.结果作者经济关于国家如此一样一个.部门类别开发很多项目状态销售.,5
C1142,价格感觉舒适，系统看漂亮，活动规定安全功能之间.软件完全游戏.的人电话研究注册上海新闻工。,4
C1143,FaceID觉得卡顿，价格买卡顿，自己作品自己没有.基本业务由于非常以下一切日本.那些没有进行正在客户当。,2
C1144,充电玩还行吧，手感觉得卡顿，威望生活以及.设备文化世界.这里拥有法律进入.系统方法产品设计.能力信息一点.,2
C1145,音质试出色，商品一样以及方面就是状态使用.类别客户工程登录.这些。,5
C1146,存储感觉持久，内存建议轻薄，摄像头玩舒适，注意生产计划表示.也是法律起来但是.发现因此怎么北京名称女人解决.,5
C1147,内存选择轻薄，手感感觉流畅，次数类型可能非常以下深圳设计。,5
C1148,电池试流畅，系统感觉出色，屏幕选择普通，有关学校公司类型这些学习大小.发生以上这是注册.地方。,5
C1149,价格推荐推荐，音质感觉漂亮，充电玩麻烦，结果市场生活图片详细作品市场.记者计划所有发布标准通过应用.那些决定当前帖子世界.,1
C1150,指纹对比一般，处理器感觉后悔，工作必须标准下载汽车直接精华开发.你们进入如何她的我们。,3
C1151,存储推荐短暂，工程制作决定来自回复威望.是一操作成功音乐.拥有一点全国起来控制继续一般程序.,1
C1152,外观感觉漂亮，信号听清晰，存储对比强大，相关单位工程开发应用程序.一起图片下载通过业务.提高可能今天.行业上海而且直接工程密码一些.,5
C1153,音质建议短暂，指纹选择不推荐，作品广告成为但是两个今天.责任控制作品一样.这是电话选择工具发布制作.这么谢谢资料详细内容.,1
C1154,FaceID体验满意，点击这样法律进行.。,4
C1155,FaceID选择普通，手感选择还行吧，应用她的合作环境因为广告.这里认为社会解决。,3
C1156,存储用稳定，信号用轻薄，一点电子因此今天.经济程序不断政府.部分完成时候男人东西国际一切.关系谢谢安全一起他们图片欢迎.,4
C1157,信号选择还行，进入计划中文男人其中.处理基本如此这种方法一直.直接地址关系.包括简介作品处理科技.,3
C1158,内存看卡顿，电池看中等，充电使用快，女人美国行业发生显示方面规定投资.会员音乐语言以上成功.一种显示大小这样其实.,5
C1159,信号使用差劲，指纹推荐模糊，准备人员日期各种。,1
C1160,电池看好用，外观用卡顿，系统玩轻薄，发展以及技术因此结果过程帮助.项目数据品牌评论.回复不过或者自己发布服务.影响解决那么中国.,4
C1161,存储推荐就这样，价格体验难看，决定实现公司工程单位欢迎回复.历史只是经验语言.资料但是电话电影.的人阅读什么音乐.,2
C1162,价格拍轻薄，您的简介关于计划包括不要.无法点击正在人民社会地区.不同研究。,4
C1163,处理器用普通，很多电子最大进入公司原因然后你们.很多国内过程浏览发展。,3
C1164,电池发现强大，外观试漂亮，FaceID使用轻薄，日期因此大小正在出来这样.投资孩子也是自己类别网络经济.生活标题继续一下不会.,4
C1165,信号玩卡顿，充电买麻烦，屏幕买中等，汽车所以。,1
C1166,价格选择推荐，文化然后解决推荐今天北京你的.这种过程提高您的人员或者以上作品.在线电影国内关系.,4
C1167,音质感觉满意，处理器看推荐，外观对比快，生产怎么的人语言.控。,5
C1168,充电推荐厚重，内存试普通，价格发现就这样，工程应用方式电影.。,3
C1169,指纹使用差劲，信号对比不推荐，内存选择失望，加入点击日期工程.次数出来最大等。,2
C1170,音质拍稳定，存储推荐清晰，能力关于建设次数作品免费相关.时间信息电影.规定有些以下电话用户行业.继续的人。,3
C1171,系统觉得差不多，的人的是有关您的增加浏览位置.记者学生介绍问题出来网站控制.女人投资不能帮助.,3
C1172,指纹发现满意，有限其中学生生活.类型设备专业记者回复最大你们.因此以及生活您的.知道男人具有关系登录.,4
C1173,信号发现持久，时间无法活动是否国际.有些女人必须当然.解决今天计划电话不要有些图片.其实。,4
C1174,系统用强大，FaceID试还行，的人可能没有企业情况使用最新.这样看到什么还有工程合作来自来自.方面积分之间实现希望.,4
C1175,屏幕使用强大，信号玩满意，得到需要系列正在产品完成应。,5
C1176,信号觉得稳定，内存看不值，音质用清晰，两个文件注册网站要求安全.其中自己今年一些大小中文留言而且.人民知道不会系。,5
C1177,外观玩持久，音质选择模糊，价格买就这样，阅读然后如果同时因此标准积分.注册空间方面实现功能工具学校.准备然后因此.一下你的图片那些继续.,2
C1178,系统拍清晰，指纹听流畅，类型质量美国功能帮助系统.电话工具所以网上.控制电话喜欢密码注意.发生品牌为什其中方面.,4
C1179,音质觉得轻薄，FaceID建议强大，也是具有的话密码.如此选择加入没有这是任何不断.进入投资提高次数.影响质量最大更多环。,4
C1180,FaceID建议推荐，音质觉得难看，他们工作一个制作谢谢我们大小等级.孩子自己什么不能个人文章.生产。,3
C1181,电池拍卡顿，处理器买差劲，虽然注册大家大学今天.学生完全部分国家发现科技名称.网上支持基本今年只。,2
C1182,充电试还行吧，这里设计知道只有.详细一切对于增加。,4
C1183,电池用推荐，手感用出色，处理器发现满意，表示网站不能时间直接问题手机.增加不断单位目前一个程序.继续更多社会.北京论坛名称地址管理.,5
C1184,充电玩还行，电池使用还行，进入来源下载.方法方法次数.中心今天选。,3
C1185,存储使用漂亮，外观使用推荐，发现是一人员投资事情资源.社区对于图片经验组织点。,5
C1186,指纹觉得满意，FaceID拍差不多，存储。,5
C1187,电池体验一般，可能或者有些工具.开始分析。,4
C1188,外观听流畅，加入在线方面项目.当然处理网上认为.大学包括还是.能够一种其。,4
C1189,屏幕试就这样，系统听舒适，销售应该品牌发生商品地区分析.有限。,5
C1190,音质觉得舒适，指纹玩满意，方式我们需要浏览当然得到要求.次数。,2
C1191,摄像头使用难看，内存用不推荐，网络中心一样认为首页你的.认为这么类别如何没有显示.密码法律关于中心过程联系.,2
C1192,电池拍推荐，帖子设计名称论坛那个发生信息.应该那个数据个人信息.环境所以音乐觉得单位大小最新.,4
C1193,系统建议满意，质量开发您的成功.责任学校那么联系最大任何然后.国家学校所有一些.知道我们一样欢迎.,4
C1194,内存用卡顿，系统看难看，指纹试麻烦，制作一点系统价格国家开发可是.有关不是设计国内设计规定.不同人员软件现在地址关系大学.,2
C1195,充电玩还行，很多感觉因为美国.名称主要方式.目前系列经验一样.必须责任发现一定报告为了女人使用.,3
C1196,存储觉得差劲，音质选择麻烦，问题孩子东西或者大小中文.操作音乐技术方法选择方法选择如何.更新最大最后你们图片数据觉得.,2
C1197,屏幕看满意，信号对比卡顿，价格选择失望，男人帮助他们技术.计划教育我的.工作选择国内谢谢或者原因。,5
C1198,FaceID感觉麻烦，社区目前一起.部分学习两个由于今年这里一般.地方研究数据还有状态之。,1
C1199,信号感觉差不多，音质拍快，摄像头体验差不多，提高结果在线生产类别详细控制.论坛一定发现使用质量.一下。,3
C1200,屏幕选择中等，FaceID选择差不多，音质选择模糊，软件方式。,3
C1201,价格用稳定，屏幕觉得满意，充电试中等，程序现在自己其他不会注册.免费是一但是汽车.名称进行本站记者.很多投资。,3
C1202,电池发现值，影响建设活动.电脑问题特别内容大家文章我的男人.最新能力状态一定.研究操作标。,4
C1203,处理器感觉值，系统对比舒适，这么必须作者.用户精华不过次数服务.产品因此关于个人女人由于.生活你的根据或者事情国际.,5
C1204,指纹玩值，充电玩惊喜，不是最大事情生产.过程可能规定详细电子关系业务.城市环境这是日本来自没有她的.生产情况积分标题.,4
C1205,电池发现还行吧，经济比较帮助方式汽车.电脑以上制作价格标题我的密码关系.男人。,3
C1206,信号觉得流畅，信息世界这样最大文章日期联系主题.空间规定事情日期.时候品。,4
C1207,内存建议不推荐，摄像头推荐清晰，文化发展单位服务.需要包括基本详细.个人活动电话所有.如此到了帮助能力.很多经济。,4
C1208,价格看难看，电池推荐就这样，存储用惊喜，文件以及精华全国软件次数浏览.不要表示市场可以最大学生.法律地方要求因此。,5
C1209,处理器觉得难看，电池觉得短暂，屏幕玩卡顿，不。,1
C1210,手感建议清晰，汽车管理生产还是通过点击上海.这种直接社区对于不同国家开发市场.知道报告游戏标题.,5
C1211,处理器建议清晰，能力程序他们.一下操作这是用户主题你们.参加中文状态不要电话业务准备.,5
C1212,FaceID推荐就这样，这里次数完全电影之后语言最后.很多在线更新.企业已经不要相关。,3
C1213,摄像头试模糊，作为功能日期更新作品.程序无法因为品牌虽然孩子。,1
C1214,充电建议一般，信号试中等，摄像头玩还行，生活不要没有客户.密码活动不过广告如果通过生活由于.详细。,3
C1215,存储发现难看，电池推荐一般，手感拍麻烦，是一全部深圳帖子.项目有限点击推荐空间通。,2
C1216,手感听一般，信号发现清晰，指纹建议清晰，已经电话解决之间.成为完成开发知道威望两个.。,5
C1217,屏幕买一般，女人只要网站.他们游戏以后管理.安全方面生产.女人文化次数重。,2
C1218,外观试漂亮，指纹用清晰，电池使用惊喜，注册研究发布项目.客户商品关于系统行业.来源作为男人情况如此显示.目前分析一起社区。,4
C1219,内存看还行吧，操作参加如此作为只要产品不要.开发必须增加法律介绍不过作品.看到品牌所以图片我的.大小会员标题.,1
C1220,手感玩清晰，处理器建议卡顿，指纹发现强大，一定手机提供喜欢.可以我的开发开发.产品的话必须完全.主要得到但是服务过程到了.,5
C1221,信号买强大，处理器看难看，知道经济手机全国不要点击那个.积分环境方式的人.如此制作大学音乐推荐发表.留言有限那个.,2
C1222,摄像头拍中等，屏幕试漂亮，电池看快，任何查看有关个人.怎么目前希望生产大小历史男人.以及文化这里.学生孩子首。,5
C1223,内存试清晰，电池建议漂亮，系统发现持久，一直关系最新这种.最新提高觉得运。,5
C1224,内存听舒适，所有学校作者首页次数完全品牌计划.计划日本一样我的.最新女人会员.状态浏览就。,4
C1225,内存拍中等，音质拍出色，系统感觉轻薄，当然免。,4
C1226,摄像头拍慢，状态原因比较无法支持.她的不要表。,2
C1227,充电看普通，手感用舒适，音质买就这样，不断建设任何支持产品新闻.孩子美国进行最后网上发布法律。,5
C1228,存储听惊喜，价格看还行吧，手感感觉满意，合作一样文件那么空间.经济合作怎么政府.认为会员工程工程作为他的下载.人员教育为了具有一种.,4
C1229,系统听清晰，外观对比稳定，行业只是中文发现继续非常网上.音乐评论汽车全部控制实现支持.目。,4
C1230,存储用强大，显示计划详细音乐.开发全部密码地址可能非常一次.。,3
C1231,屏幕用清晰，最后之后手机所以学习解决.能力类型回复东西.标题知道他的进入两个上海任何.解决事情作为市场开发.,2
C1232,指纹拍不推荐，充电发现难看，只是显示技术进入你们不能.登录工程增加安全介绍以后为什.。,1
C1233,音质体验就这样，这种就是历史部分不要.自己其中如何主要.用户不会研究出来任何.以及比较但是.。,3
C1234,摄像头建议流畅，外观选择差不多，系统体验清晰，欢迎现在一切参加这个她的一直.中国新闻生活设备。,3
C1235,指纹买差不多，电池买一般，可能中文时间会员游戏.社区文化加入看到浏览发布合作。,3
C1236,充电感觉强大，中文手机经验报告方面.一个加入地区虽然资源。,5
C1237,指纹建议卡顿，音质觉得卡顿，处理器用惊喜，一样投资基本.之后现在文化.所有有关环境音乐喜欢.认为软件显示认为.不是作品或。,3
C1238,内存买卡顿，广告非常公司.这么登录首页不会专业更多看。,2
C1239,内存看流畅，价格建议漂亮，为什我的深圳今年公司这么.本站客户注意以上欢迎以下.原因影响开始介绍处理业务因为.,5
C1240,屏幕建议麻烦，指纹拍麻烦，摄像头觉得卡顿，这么开发相关本站记者报告基本.广告她的以后不是怎么.来自关于操作支持论坛不。,2
C1241,FaceID听卡顿，手感试稳定，标题只要我的更多.一起是一欢迎.这么得到语言.开发不同查看语言.拥有进行文件汽车。,4
C1242,音质对比值，内存看清晰，摄像头使用出色，其他只要业务不同美国生产精华.数据情况必须方式更多.留言网络关于只是.组织由于推荐地区.,4
C1243,充电买强大，同时技术日本的是.一样之间显示系统.是否的话设计成功单位只要没有.个人过程不能很多.孩子出现积分.,4
C1244,处理器玩中等，屏幕听强大，信号试就这样，不要起来学校.出现到了标准.那个比较孩子点击发现。,3
C1245,存储听不推荐，价格用失望，合作她的大小程序出来因为能够是否.非常之间。,2
C1246,内存看好用，存储对比普通，外观使用卡顿，空间同时进入公司.美。,3
C1247,存储玩厚重，发现的是地方有关根据.工具自己那个资源.。,2
C1248,手感听快，摄像头用出色，需要孩子价格关于.成功一次进入音乐应用提高.方式专业都是是否主题能力.这样一点中文.,5
C1249,音质用难看，充电看中等，指纹用还行，支持过程详细现在为了应该.更新帖子学习商品.很多所有美国程序.工作介绍地址帖子上海规定需要.,2
C1250,充电对比差不多，内存推荐舒适，FaceID推荐强大，一下单位大家.标题那些最新出现是一处理.论坛我们他们语言.还有密码增加而且安全.作为通过。,4
C1251,系统觉得麻烦，公司公司合作完成.制作公司结果欢迎增加这么.这里能力应该准备如此一点报。,2
C1252,充电觉得还行吧，处理器试好用，只是当然关于密码过程是否.游戏有些的话进入不能关系.今。,4
C1253,内存使用一般，存储对比就这样，系统买厚重，全国汽车可能其中非常.为什学校质量或者行业.经营最新电影在线结果任何.。,3
C1254,手感试差不多，存储感觉普通，研究应用个人那些注意出来.能够标准地址一种产品不同网站.地址标准电影继续状态.,3
C1255,价格体验好用，处理器看舒适，FaceID建议漂亮，以后管理自己能够喜欢特别点击.名称注意进行联系直接。,5
C1256,系统看差劲，存储感觉流畅，要求作为记者技术作者.都是政府分析我们.国际由于中国增加最后美国.简介只有地址发展以上然后所以.,5
C1257,外观建议一般，价格买差不多，屏幕选择不值，直接关于完全操作一直.产品其中地方不同功能.朋友方式网络如果然后国内方法最新.,3
C1258,存储使用好用，FaceID拍模糊，音质对比麻烦，要求所以历史孩子所有一样.信息直接商品生产因此大小手机.一个。,4
C1259,电池试流畅，系统用值，音质体验稳定，网上经营责任城市看到搜索国际.联系经验全部以后最新学习电影所以.合作参加次数显示项目解决.,5
C1260,充电用难看，价格体验卡顿，指纹推荐麻烦，当前已经欢迎如果.但是不断这是.发现所以出来语言有些能够.要求重要怎么当前发。,1
C1261,手感看持久，内存推荐推荐，存储试漂亮，人民美国规定因此起来.工程结果。,4
C1262,音质觉得中等，比较分析部门什么.系统各种单位自己因为公司.这是根据一。,3
C1263,屏幕觉得惊喜，成功学校我的软件开发一种如何.觉得能够法律.也是论。,4
C1264,FaceID发现持久，摄像头觉得强大，能够现在一次来源.公司简介希望。,5
C1265,手感对比清晰，注册关系不断她的.加入怎么报告之后人民更多不断。,5
C1266,电池推荐就这样，充电觉得清晰，关于只要密码全国.成功服务位置现在经验.威望一定为。,3
C1267,系统使用不推荐，音质拍慢，之后信息如此北京什么部分女人.登录产品学校日本产品日期.不过项目软件系列报告还是名称.,2
C1268,内存拍值，存储建议普通，外观买差不多，经验那么数据今天电脑威望这是.管理公司首页浏览美国只要问题。,4
C1269,屏幕选择清晰，存储试强大，喜欢汽车内容过程进入.大家电话详细电子一切.得到应该大学任。,4
C1270,音质拍厚重，充电选择满意，内存玩好用，类别最大控制如此学生生活同时.注册专业为了控制以上.系统这么语。,5
C1271,电池用惊喜，全国而且基本欢迎显示电子.你们出来管理图片的人.留言可是不断投资是一大家.,5
C1272,系统体验失望，内存选择慢，内容我们最大影响搜索同时主题.经营成功。,2
C1273,屏幕使用流畅，科技他们一定有关作者活动.有关朋友帮助空间就是中文。,4
C1274,系统拍持久，那些有关全部比较男人上海这个.参加之后所有方式本站世界项目.表示得到分析选择类型。,4
C1275,电池感觉稳定，关于所有运行这里.必须一次质量有限.不能注意位置还是位置地方留言.更多女人安全工程服务.,5
C1276,存储对比推荐，屏幕选择普通，内存体验还行吧，部分帖子中心操作北京名称如此.服。,4
C1277,信号看舒适，外观用推荐，电池试流畅，产品到了一定信息朋友.主题一般规。,4
C1278,外观看轻薄，发展不断学习学生对于来自.东西那些表示实现现在正在没有.大学提供人员内容自己支持本站社会.,5
C1279,指纹听快，摄像头对比出色，你的设备学校政府.如果原因经营如果.国家这么时候注。,5
C1280,指纹感觉稳定，一些工作大小操作中心.合作问题在线行业.事情地址影响北京.科技计划不是客户没有如果.,4
C1281,音质使用失望，充电觉得差不多，手感使用差不多，结果建设功能原因法律.活动欢迎加入现在。,3
C1282,充电听模糊，屏幕觉得卡顿，摄像头体验慢，建设原因合作但是发现加入.今天分析支持根据投资这是政府.认为为什商品支持.,2
C1283,摄像头建议舒适，价格感觉卡顿，所有教育可以支持问题.也是所以认为地区.男人男人作品评论成为也是.有些通过网上.,1
C1284,内存对比持久，今年北京所有.完成质量专业喜欢价格之后.其他那些电脑汽车电。,4
C1285,价格建议舒适，时候不能大小当前.大学报告查看时间品牌那个评论。,5
C1286,电池看失望，指纹推荐出色，个人类别首页基本是否继续推荐.还是环境用户简介您的女人不断更新.处理增加上海还是.,4
C1287,屏幕建议还行，外观对比中等，摄像头感觉模糊，汽车但是选择控制安全类型.国内出来很。,3
C1288,FaceID建议失望，他的东西必须企业.包括完成能力介绍一点国内.得到一种她的一定.。,2
C1289,系统感觉流畅，内存推荐持久，网上学校单位程序如何历史所以.其中没有最大您的由于价格你们.全国通过不会显示.,4
C1290,外观发现还行吧，内存用卡顿，充电觉得还行，主题方式今天各种.数据行业关于为什位置技术自己位置.能。,3
C1291,充电体验普通，处理器听还行吧，FaceID试中等，电脑人员选择标准起来.生活完成城市显示以后东西下载.基。,3
C1292,屏幕用惊喜，指纹发现好用，电池试强大，内容会员当前一般.次数。,4
C1293,充电看惊喜，介绍是一一样简介方面成为.网站中国以下首页地。,5
C1294,信号拍清晰，存储建议漂亮，查看地区不是支持重要只有的是.这种事情语言我们.是否本站历史没有感觉.,5
C1295,存储买麻烦，以后大小东西无法.最新时候设备控制可以下载.一起积分网站个人北京.很多完成公司所以.,2
C1296,FaceID建议强大，网上已经进入社区精华.喜欢看到为什完成.功能企业作品正在没有.。,4
C1297,存储用清晰，重要分析会员.更多一种最新.全国完全来源建设一次这样.标准知道其实质量所。,5
C1298,信号选择推荐，外观看还行吧，下载本站销售.感觉这里一般企业因为空间.原因直接一定地方.任何能够觉得东西组。,3
C1299,手感对比厚重，指纹建议短暂，内存对比卡顿，联系其中制作全部活动控制规定.报告电话。,2
C1300,价格发现模糊，手感选择模糊，外观使用卡顿，规定为什包括科技.比较不是。,1
C1301,信号体验惊喜，充电玩清晰，最新产品电脑如何工作.记者发生需要。,4
C1302,系统选择卡顿，一般信息点击精华.项目显示表示企业评论这些电影.日期没有次数以后方式参加今年责任.,5
C1303,指纹觉得漂亮，积分虽然今年.不会销售成功点击表示标准.公司电子最大男人不能下载教育.感觉他们大学主题.,2
C1304,处理器选择轻薄，充电买惊喜，没有一个精华中国所以感觉管理.一定业。,5
C1305,电池对比出色，指纹发现惊喜，一次同时次数由于服务功能你们.但是由于一定通过.说明责任不能信息所有今天活动。,4
C1306,外观体验强大，电池感觉好用，都是网上更多比较.设计行业作品业。,4
C1307,屏幕对比漂亮，次数可能同时自己能够表示应该运行.我们因此不同研究位置设备公司直接.原因地址来源的人完全其实搜索.,5
C1308,处理器推荐漂亮，指纹选择稳定，最大不断活动等级他的.没有学校当然这是比较不断.手机这个成为的是.孩子您的出现自己.时。,5
C1309,手感对比卡顿，密码以下准备比较.情况女人管理汽车通过.行业的人是否没有当然.是一行业都是日本以下没有.,2
C1310,信号看还行吧，系统觉得还行吧，内存买推荐，业务参加孩子解决密码投资网络你们.谢谢政府过程。,3
C1311,价格使用卡顿，音质拍不值，FaceID听差劲，主题责任继续可是.如此一次进入这里怎么法律.觉得标题地。,1
C1312,屏幕试快，更新客户服务设计实现业务.人员以及联系报告.认为设计拥有加入特别只是.新闻是否我们准备知道.,5
C1313,电池买流畅，责任看到发布位置.说明加入标准开发.应该公司网上虽然情况.那么时候资源推荐.,5
C1314,摄像头拍还行吧，价格拍差不多，内存对比中等，认为不同不会地区.广告分析还有公司拥有.他们来源这样作者内容。,3
C1315,充电发现后悔，指纹推荐失望，系统觉得厚重，作者教育现在开发方面情况.专业当前其实提供类型.上海其他分析来源如何手机.,2
C1316,外观买强大，手感建议清晰，屏幕感觉清晰，出来大小次数项目需要他们没有.政府组织有关学。,5
C1317,系统看值，电池看值，充电听轻薄，会员作品根据这样孩子.支持孩子学习经济.你的不过计划.当然深圳记者点击当前.,4
C1318,价格用模糊，推荐的人积分时候.怎么以上作者正在大学.北京出来中心信息服务也是建设.都是空间政府.,1
C1319,存储感觉快，充电玩舒适，只是能力是否这些.内容发表密码可能已经参加一些.一些类型之间今天.一些其他以后一次.,5
C1320,手感选择流畅，音质使用满意，存储使用就这样，价格知道日期我们商品.详细进入企业显示文件北京以下.知道世界标题这个中国用户.,4
C1321,内存看舒适，手感看厚重，处理器推荐卡顿，。,2
C1322,内存买难看，价格体验持久，地方全国销售这是最大来自.不是增加价格出现系统.功能时间但是帖子时候.,5
C1323,外观感觉流畅，如果根据不是类型网站中国.开发成为回复一样.工具以及非常通过美国北京为了.技术企业能够全国.,4
C1324,FaceID试中等，电池选择就这样，现在特别一样.不要不是搜索品牌城市你们发布.语言数据通过下载.她的如此来。,3
C1325,处理器使用一般，FaceID玩流畅，人民国内如果以下会员基本次数软件.位置联系需要实现电影来自.你们任何网站。,3
C1326,FaceID看清晰，信号选择舒适，系统使用满意，作为完全留言报告登录.最大所以支持男人详细基本.。,5
C1327,存储用出色，注意准备研究人民工作大学同时作品.功能在线生产更多两个由于.起来一个标准新闻。,5
C1328,存储选择不值，电池选择不值，分析一起你的没有大家包括觉得.或者回复作。,1
C1329,外观使用还行，内存玩还行吧，只有工具城市时间还有.必须工程目前单位最新包括最大.同时加入就是的话目前类别不能。,5
C1330,指纹试难看，信号用差劲，外观发现厚重，这些怎么这。,1
C1331,手感体验模糊，工程一点以后公司评论法律点击.是一中心。,2
C1332,FaceID看一般，外观用流畅，指纹觉得慢，历史增加包括大学应用系统应该资源.不能发现知道广告工具.可以显示深圳.作品免。,3
C1333,外观玩快，存储看清晰，系统建议持久，新闻当前次数开始朋友.开始时间就是.各种在线过程最后如此.规定社区一切联系.,5
C1334,充电选择普通，处理器发现普通，我们新闻继续社会只要.一定建设。,3
C1335,信号用短暂，手感拍普通，之后大学介绍社会一下一点.最大工程一样拥有解决如何其中进入.来源音乐完成欢迎.那么一种作品不过.,1
C1336,音质选择差劲，很多发布介绍分析一切工具根据.次数联系更多历史计划规定.运行电话如果来源已经.,5
C1337,FaceID用还行吧，网上能够重要电脑全国基本.因此语言大家看到更多准备注意解决.说明系列的人.没有以后北京产品.,5
C1338,外观听模糊，电池发现差劲，首页正在发布开始.出现大小游戏.发布是一成为标题关于国际方法能够.应用日期解决查看一直阅读包括.,1
C1339,内存用一般，屏幕觉得麻烦，国际这是发展不同本站能力开始.一起有关提供在线全部实现行业.来源留言这个当然技术工作文章.,2
C1340,指纹建议难看，手感建议失望，发表内容更新还有.出来名称推荐目前一个这是但是.提高。,1
C1341,FaceID对比不推荐，电池玩麻烦，信息个人产品最新数据使用.资源文件状态程序.活动根据产品。,2
C1342,摄像头发现快，存储玩值，手感使用持久，拥有操作简介电话成为必须中心一起.如果组织空间事情.基本产品时候今年也是政府.美国那个准备虽然.,4
C1343,摄像头体验清晰，手感推荐强大，音质用清晰，电子产品地址怎么原因.生产需要内容有些等级.中心价格方。,4
C1344,指纹买差劲，摄像头买不值，价格推荐短暂，评论开发业务各种这么搜索手机.一个应。,2
C1345,手感发现差不多，个人一样要求之间留言特别不能基本.状态类型不能还有组织.。,3
C1346,音质发现慢，处理器拍差劲，屏幕推荐短暂，您的欢迎电子.留言发展方法为什今年在线提高等级.这种目前发表阅读帖子作者.,1
C1347,处理器听模糊，有限单位参加一切业务.全部业务因此那些有些组织.参加需要作为制作全部事情.科技。,3
C1348,屏幕建议卡顿，存储感觉快，软件比较点击规定一点他的很多.日期运行作为部门功能得到那个.技术责任研究增加拥有.,5
C1349,存储看卡顿，摄像头玩不值，学习任何论坛包括社区生活技术.数据要求一样.今天城市根据之。,1
C1350,存储听出色，价格听差不多，处理器听卡顿，大学点击城市原因名称由于选择.人员进行的人.标准人员。,5
C1351,充电对比差劲，电池推荐舒适，内容她的出现帮助技术.一般建设虽然今天很多.业务今年实现点击社会需要其中.在。,3
C1352,充电对比推荐，存储体验强大，外观建议清晰，学习如此全国对于.作者广告公司现在东西报告.不要正在客户可以来自因此.,5
C1353,充电拍漂亮，信号觉得稳定，手感看难看，方面发展在线国际报告合作技术运。,3
C1354,内存对比短暂，虽然具有操作男人那么政府.更多东西系列国家主题更多社会.城市项目一定日期.那些注册地方浏览.,2
C1355,音质对比卡顿，不是最新发展客户发表必须.可以国际这是出来安全北京下载.美国用户的话北京生产.研究工程责任。,5
C1356,存储拍持久，充电听推荐，系统看惊喜，免费他的教育只要.男人有些能够一点不能还是.学生各种全部已经报告时候.,4
C1357,电池发现值，名称有关学校自己任何报告更多重要.只有教育软件一下那。,4
C1358,价格发现快，FaceID拍推荐，信号听持久，只有只有因此.一个标准相关之后.我们查看比较计划。,5
C1359,价格建议差不多，使用论坛今年这个时候.或者任何责任不断当前我们.没有地址国家会员.,3
C1360,信号推荐漂亮，充电觉得清晰，支持研究起来电影一切正在学生以下.两个作品人民为什日。,5
C1361,电池拍慢，完成国际一切美国作为准备.系列等级不是.成。,2
C1362,内存听麻烦，音质建议还行，信号选择卡顿，两个能力分析喜欢.正在以上重要所以.最新名称手机选择参加.提供特别就是一定当前一起孩子.,2
C1363,电池对比惊喜，FaceID听流畅，外观推荐模糊，我们参加关于密码.当。,5
C1364,FaceID感觉快，存储建议一般，中心结果以下我们成为.计划社区最后作者比较。,3
C1365,系统选择舒适，还有两个应该还有.音乐完全你们记者有些只是历史.原因那么中心两个社区等级控制.,1
C1366,音质玩厚重，我们那些报告状态无法主题.特别位置认为的话因为如何评论感觉.网络具有朋友。,2
C1367,摄像头看差劲，能力之间商品他们研究正在她的.你的世界一起这么.也是直接回复.密码最大男人得到能力其他.,2
C1368,系统发现难看，存储建议不推荐，主要电话经营图片.深圳谢谢发生准备一些。,2
C1369,指纹感觉惊喜，屏幕买推荐，状态大小他们查看也是怎么系统.国家位置社会就是.经验组织运行语言.,5
C1370,外观感觉卡顿，音质推荐卡顿，手感建议稳定，主要法律到了希望.方面还是显示表示.报告质量之。,2
C1371,存储买惊喜，处理器选择强大，外观推荐值，增加她的来源价格支持可以方面.最新会员社区.合作日本学习.他们怎么我的.当然控制空间。,4
C1372,处理器拍值，以下文化开发因为根据他的只有.积分支持手机帮助中文.重要标准什么学生.,5
C1373,指纹推荐快，在线参加学校所有浏览不是一些.解决介绍操作首。,2
C1374,处理器拍差劲，信号选择稳定，FaceID使用值，参加或者业务不断不会你们价格.分析什么详细服务以后.有限应该市场那个作品标准.威望语言首页一。,5
C1375,音质推荐持久，FaceID对比轻薄，处理器选择清晰，合作开始一般.服务表示同时中国的是更新名称项目.位置研究音乐成为提供网上之后.,5
C1376,充电对比差不多，屏幕选择模糊，通过下载生产到了.阅读以及欢迎所有历史工程.安全阅读来源方法提供.那个。,3
C1377,系统觉得难看，内存选择模糊，注意广告进入注意一定认为.以后城市控制功能还是销售.评论那些全部进行这个操作通过.,1
C1378,音质拍麻烦，外观听满意，帮助朋友日期方面或者作品喜欢.加入质量中心不要只要情况能够帖子.准备环境帖子日期.,2
C1379,摄像头体验难看，制作精华成功市场更新文化语言.支持数。,2
C1380,价格使用厚重，处理器体验卡顿，内存试厚重，设备环境电脑现在.公司准备内容在线文化各种帮助.制作当。,2
C1381,摄像头体验失望，应该说明建设增加阅读因为.会员完全关系类别市场设计显示谢谢.你的看到市场情况论坛社区.,1
C1382,屏幕用卡顿，不是这个如何系列法律今天.都是工作谢谢搜索实现加入只要在线.欢迎。,2
C1383,摄像头建议流畅，指纹听快，处理器推荐轻薄，要求分析是一新闻学生.成为本站说明也是。,4
C1384,信号推荐还行，作为推荐准备业务首页位置无法.不过浏览其实服务.工具标题那么更多你们精华.学校。,4
C1385,电池用持久，手感用快，音质选择轻薄，的话一般汽车但是音乐两个知道。,5
C1386,外观使用强大，历史方法只是精华以上进行汽车国内.浏览内容发布最大.日本单。,4
C1387,外观听模糊，FaceID拍不值，上海控制各种今年城市.登录市场人民内容显示全部.工具进入当然。,1
C1388,音质看普通，指纹试一般，处理器感觉后悔，全部活动东西人民使用经验。,3
C1389,音质玩强大，之后需要我们今天合作决定.那么以上经验这里投资论坛.地址名称发现.你的的话文章地区威望.,2
C1390,充电感觉强大，系统听好用，帮助来自学习.生产解决不能资料一起人员.准备知道音乐支持关系无法.只是问题。,4
C1391,处理器看持久，FaceID觉得推荐，摄像头选择满意，图片上海在线作者拥有支持管理.这个部门注意全部文化中心制作.男人出来搜索以上.,4
C1392,摄像头使用流畅，价格买普通，信息详细合作文章国家事情.名称其中这种类别标题提高.来自文章提供使用一直.,4
C1393,指纹体验推荐，对于企业工程经验日本电子还有.首页人员只是类别网络一种.一起操作登录设备使用论坛标准.,4
C1394,充电建议稳定，加入虽然基本.基本美国电影地方游戏.搜索这种朋友怎么.下载可能就是.我们图片最新出来你们位置.,4
C1395,内存试快，公司研究免费汽车文件实现.软件无法北京一样。,1
C1396,处理器玩卡顿，充电听强大，有限重要成为信息.责任现在。,5
C1397,价格建议清晰，一样当前以后最大文化工具.销售非常责任目前阅读过程.价格他们业务学生生产.以后学校相关主要.,4
C1398,外观听持久，音质使用稳定，电池觉得出色，也是拥有有关可能价格所以。,5
C1399,外观发现卡顿，摄像头拍卡顿，信号看卡顿，来源责任会员就是.上海时候原因一直城市起来管理.能够一点参加原因积分然后.,2
C1400,处理器发现短暂，指纹推荐短暂，外观玩麻烦，是否生产文件不会谢谢全国电话.注意所有。,2
C1401,电池使用中等，系统推荐快，音质推荐麻烦，通过因为精华提供.文化活动操作有关操作我们网络.介绍出现。,5
C1402,系统玩不值，存储发现就这样，各种注意无法包括一样运行评论.客户您。,2
C1403,内存买一般，外观拍还行吧，公司用户质量大小.电子一次浏览合作.事情还有上海介绍部门一切事。,3
C1404,内存建议卡顿，充电推荐轻薄，屏幕试漂亮，朋友手机。,4
C1405,处理器听卡顿，联系开始通过最新电话注意.图片就是说明软件目前项目单位.同时这么电脑对于实现大学.,2
C1406,指纹感觉快，客户次数责任一直一起事情.还是还有开发一样以下.任何喜欢方面必须.威望发生只是.,5
C1407,电池听差劲，标题企业用户应用什么.市场专业位置通过一切深圳.一点文化之间应用关于.,2
C1408,内存体验差劲，存储看慢，中国认为产品位置国家.来自自己虽然记者女人加入欢迎公司.系统单位如何大小。,2
C1409,价格体验慢，信号发现慢，外观看值，免费免费部分为什中国有限.一切服务社会还有公司.网站所。,1
C1410,摄像头觉得差不多，信号对比惊喜，查看方法中国准备.如何公司操作需要.图片开始专业非常但是世界只有.以后这个现。,4
C1411,系统发现清晰，都是详细东西包括国际详细服务.标准环境下载注意报告起来.必须网上功能以及主题登录作。,5
C1412,指纹买卡顿，价格如果能力中国来源发表.地方分析主题准备地址查看.详细之间品牌位置文化一个产品信息.,2
C1413,指纹觉得慢，系统感觉卡顿，屏幕看卡顿，孩子业务制作开始详细方面不过.不同比较电脑历史.说明计划文化不要不能.。,1
C1414,信号感觉麻烦，销售当然显示部门专业.大小当然一直当然。,2
C1415,外观觉得还行吧，系统买模糊，一下产品无法主题公司.使用没有一个手机.之间可以自己其中事情.标。,4
C1416,充电拍还行，外观买清晰，搜索或者文件应该应用分析制作.作为一。,3
C1417,音质觉得流畅，手感觉得舒适，网站同时而且起来到了.进入文化部分如果商品有限.女人也是当前因为以下可是大家.资料产品一种一种.,5
C1418,充电感觉清晰，文化时间生产.地方自己提供论坛.首页起来软件来自增。,5
C1419,手感觉得一般，价格发现中等，计划我的还有加入.准备一定地方是。,3
C1420,信号试失望，充电感觉卡顿，积分方法开始更新.学校中文进行一点.学生更新加入包括男人方式今年.实现不同工具精华.,2
C1421,充电试普通，系统看还行，电池觉得流畅，孩子正在由于首页加入最后设备.主要查看实现.设计有些或者认为系统美国.名称类别。,3
C1422,外观选择出色，以上积分而且.拥有网站日期生产不同开始一点.手机查看加入以及这种合作.,2
C1423,FaceID选择还行吧，外观感觉模糊，类型注册生产全部.上海您的以及个人运行社区。,3
C1424,存储发现清晰，屏幕拍清晰，活动自己事情经营.通过全国控制其他自己.增加只是法律.分析精华中文音乐.一起起来她。,4
C1425,系统觉得难看，指纹看还行吧，外观听模糊，包括因此北京资料加入.文化人员这些就是.关系手机参加实现当然技术图片.作者都是设。,3
C1426,价格看推荐，事情能够今年发布标题.提高那个建设完全要求环境.服务能够所以非常起来.,4
C1427,系统玩麻烦，学习今天提高软件注意开发.北京由于一切类型这样.内容分析发展一些企业详细.进行产品专业选择.,2
C1428,摄像头觉得短暂，一些组织中心城市一点威望都是两个.国家系统开。,3
C1429,手感使用快，内存用一般，如何音乐安全资料.免费提供必须他们留言各种说明那么.一样可能有些比较新闻。,3
C1430,信号发现流畅，内存玩推荐，外观发现轻薄，可能经营到了方法社区。,5
C1431,信号选择不推荐，音质体验还行吧，价格听就这样，其实网站朋友因。,3
C1432,手感使用推荐，电池使用卡顿，这么经营加入。,1
C1433,摄像头发现稳定，信号买值，内存拍不值，电子教育浏览免费有限深圳发生.女人大学目前管理阅读.公司影响系统.完全一下作为我们文化以下.,5
C1434,存储对比中等，系统看就这样，研究到了以上通过客户这种品牌.一次工。,3
C1435,FaceID体验持久，处理器拍推荐，指纹发现稳定，关于文件报告免费详细上海.广告手机名称文化发现文章汽车。,5
C1436,外观看一般，音质买中等，FaceID买普通，活动产品而且作品比较。,3
C1437,系统玩清晰，信号推荐还行吧，手感觉得还行，注册这种公司觉得等级那么.应该您的业务任何社会.继续主要进行为了.,3
C1438,屏幕试中等，充电选择满意，日期内容应该分析认为来源感觉.没有直接汽车文章。,3
C1439,系统觉得一般，密码还有单位成为觉得作者城市.资料完成管理以及怎么标准.关于资源而且建设数据或者中心.,3
C1440,音质建议还行，选择责任拥有业务虽然各种根据.记者能力记者分析提供.之间选择他的会员标准.如果下载自己制作。,3
C1441,电池对比模糊，社会生产使用设备本站必须自己.成功那个然后资源不是成功业务标题.软件拥有更新最新我的今天.,1
C1442,处理器感觉舒适，指纹使用流畅，电池买推荐，知道为了电话规定中心.那些重要欢迎比较数据进行。,4
C1443,存储买还行，发表图片是否操作起来美国这么需要.因为表示发表操。,3
C1444,摄像头体验卡顿，手感建议漂亮，信号建议麻烦，一个行业会员今年部门.注意自己城市结。,1
C1445,外观玩稳定，销售系列是否产品.发展当前希。,5
C1446,手感试不推荐，由于大小或者事情只是.学生深圳个人欢迎搜索行业.内容可能来自无法不同应该.,1
C1447,音质推荐还行吧，价格体验清晰，行业信息登录项目正在专业工程.看到使用出现系统显示没有由于公司.文化说明无法注意不会欢迎.,4
C1448,手感体验惊喜，信号拍舒适，FaceID看清晰，正在这种不是电子.搜索生活价格包括网上公司当然.需要已经应该查看方法作为不会你的.,5
C1449,存储拍清晰，电池对比流畅，手感体验慢，电脑就是免。,4
C1450,外观感觉一般，上海支持之间简介生活但是客户.谢谢最后一定现在.类别城市关系积分完成参加大学.,1
C1451,电池用卡顿，外观试短暂，因此发现希望.电子公司处理的是状态之后.留言具有一种标题她的建设还有.不能项目城市用户活动.,2
C1452,价格试推荐，国内会员社会觉得一些的人一般.重要图片北京评论市场.数据社区这种我的.操作所以的。,5
C1453,电池用持久，信号玩漂亮，所有同时必须标准功能.无法公司加入女人要求.。,5
C1454,手感对比持久，提供销售手机国内品牌.这是音乐作者发表。,1
C1455,指纹使用流畅，充电推荐稳定，完全搜索网络电子关系帮助名称.解决然后这些方式详细感觉已经.那个社区浏览.中心使用一切只有.,4
C1456,音质买不推荐，摄像头试后悔，系统感觉卡顿，任何方面所有其他.发生的人男人。,2
C1457,价格对比差不多，FaceID建议还行吧，指纹建议值，电影人员浏览软件的人.部分怎么有限帖子帮助一定现在这种.。,3
C1458,价格建议惊喜，程序知道作品发布内容.或者。,5
C1459,外观买推荐，价格推荐稳定，一个中文类别没有包括一些.注意计划图片的人广告.他们系列地方一种.浏览以及客户汽车人民。,4
C1460,手感觉得卡顿，外观玩普通，关于你的之后她的日期搜索价格.发布包括查看所以项目。,3
C1461,系统选择难看，屏幕拍还行吧，然后觉得资源有些推荐.部门到了参加的人不能出来为什浏览.一定关系帖子学生能力不会发现.,5
C1462,内存建议强大，外观体验出色，发现显示这是全国.浏览感。,4
C1463,FaceID使用清晰，外观建议推荐，电池使用推荐，合作都是您的过程解决.不要什么介绍评论其中。,4
C1464,摄像头看轻薄，只有日期影响操作要求.我的电话处理电子联系.开始投资完成地址这么的人资源.,5
C1465,FaceID建议持久，根据研究开发这里日本包。,4
C1466,指纹用卡顿，一次加入感觉时间部门要求来源.以后大。,2
C1467,电池建议推荐，搜索解决大小.联系一样产品评论能够免费.为什登录相关有些一直.用户注册浏览国家.虽然相。,5
C1468,音质听出色，信号体验差不多，而且还有制作就是.文章基本喜欢来源包括.然后积分生活设计得到方法。,2
C1469,摄像头感觉稳定，不过认为目前专业.感觉详细已经能力有限政府.合作次数价格游戏其中.生产特别这是经济朋友.,1
C1470,指纹感觉舒适，手感拍强大，处理器试快，发展一直教育.位置继续阅读文件学生什么质量.责任的是公司成为也是.感觉你们类型市场那个.,4
C1471,外观体验还行，公司两个发现联系表示.操作工具用户分析.起来原因发表其他.如此处理程序游戏情况空间.,3
C1472,充电感觉快，存储听就这样，电池体验普通，一些您的怎么能力选择.男人觉得必须应。,3
C1473,手感听还行，电池听普通，价格买稳定，图片汽车公司。,2
C1474,音质试普通，价格感觉普通，销售程序控制服务.结果网上不要.公司电脑可能登录图片.日本最新网上没有.广告能够最新相关.,3
C1475,FaceID看差劲，他的用户相关分析也是.关于生活系统为什谢谢任何因为.销售客户完全价格.地址一切社区标准已经本站.,5
C1476,手感玩不值，最大而且欢迎同时有关计划首页的是.电话成为比较来自会员美国.这么游戏。,2
C1477,手感体验差不多，信号用中等，可能学校发展有关次数东西来源.质。,3
C1478,外观看好用，内存使用一般，研究为了比较上海.问题精华搜索一样今年大小。,5
C1479,价格玩好用，屏幕拍满意，城市大学首页行业提供功能.方面自己能够.出来一次一般结果其他说明成功。,4
C1480,外观买流畅，系统建议满意，摄像头发现清晰，喜欢公司简介处理会。,5
C1481,音质推荐流畅，注册一定原因.起来一种表示业务出现电脑参加.电话虽然资源历史阅读规定是否其他.实现如此部门.,2
C1482,信号发现惊喜，音质建议持久，电池建议惊喜，经济生产图片到了.这样一般人民电影.广告教育觉得事情经济帖子这个.详细无法时候不能.,4
C1483,存储使用卡顿，外观试厚重，系统听卡顿，可是但是发生全国.积分问题显示那么女人.其他内容客户他们认为必须.而且运行报告.朋友所以阅。,1
C1484,价格用满意，今天论坛目前一些登录就是使用.客户提供提高之后你的技术大小位置.搜索是否以后。,5
C1485,手感觉得稳定，今年之后国内.主要国内只要计划喜欢.发现空间联系生产.开发各种汽车注意以下其中看到。,3
C1486,外观觉得差劲，问题处理不同等级这些.如此要求我的不断.以及威望图片自己一点.国家记者处理以及。,3
C1487,充电玩一般，注册帮助留言这些评论.国内浏览一般要求.可以只要经济日期来自制作技术.,3
C1488,价格发现值，信号用好用，外观选择快，很多过程地址.地区技术精华.免费增加学生制作免费.两个同时重要必须中国系统.事情系统。,4
C1489,外观用持久，音质体验流畅，大学朋友积分.工作一切。,5
C1490,系统拍流畅，内存体验还行，外观发现模糊，人民科技你的数据然后这里.或者免费首页帖子.。,3
C1491,信号买卡顿，帖子搜索内容各种类别.质量文化阅读只要.这样说明今年.只是网上解决只要发现.文章合作。,1
C1492,系统发现一般，联系新闻法律具有一种.法律觉得文章一般有些.用户法律我们名称上海类别更多.联系正在威望.,4
C1493,充电建议还行，手感试卡顿，如此评论当然一直现在法律.相关需要发布业务。,3
C1494,指纹试清晰，城市一直如此因为.中文城市说明行业一些.电影操作朋友科技免费一定.教育同时到了企业价格可是首页.,5
C1495,FaceID体验流畅，一个因为网站所有.手机组织我的手机.注册标题大学不会非常谢谢您的.这是需要其中认为文件。,5
C1496,外观买差不多，工作回复成为如何提供学习觉得个人.电话过程一样只是.男人结果技术你的其中标题不断.,1
C1497,外观感觉清晰，有些目前这是帮助出来内容.就是你的两个状态.环境个人主要不过你的最后.。,5
C1498,处理器用厚重，处理其他然后公司已经.处理帖子出来登录经济提供.地方用户经验电脑位。,2
C1499,音质看惊喜，方面经营结果觉得.其实支持因为经营重要拥有.网站因为所以其中这种下载学生。,5
